{
  "lang":"en",
  "name":"pipeline",
  "version":"0.0.0",
  "spacy_version":">=3.7.5,<3.8.0",
  "description":"",
  "author":"",
  "email":"",
  "url":"",
  "license":"",
  "spacy_git_version":"a6d0fc360",
  "vectors":{
    "width":0,
    "vectors":0,
    "keys":0,
    "name":null,
    "mode":"default"
  },
  "labels":{
    "tok2vec":[

    ],
    "ner":[
      "CASE_NUMBER",
      "COURT",
      "DATE",
      "GPE",
      "JUDGE",
      "LAWYER",
      "ORG",
      "OTHER_PERSON",
      "PETITIONER",
      "PRECEDENT",
      "PROVISION",
      "RESPONDENT",
      "STATUTE",
      "WITNESS"
    ]
  },
  "pipeline":[
    "tok2vec",
    "ner"
  ],
  "components":[
    "tok2vec",
    "ner"
  ],
  "disabled":[

  ],
  "performance":{
    "ents_f":0.719571721,
    "ents_p":0.7288676236,
    "ents_r":0.7105099502,
    "ents_per_type":{
      "STATUTE":{
        "p":0.8926829268,
        "r":0.8243243243,
        "f":0.8571428571
      },
      "PRECEDENT":{
        "p":0.5555555556,
        "r":0.5459770115,
        "f":0.5507246377
      },
      "JUDGE":{
        "p":0.8662420382,
        "r":0.7816091954,
        "f":0.8217522659
      },
      "GPE":{
        "p":0.5673758865,
        "r":0.4419889503,
        "f":0.4968944099
      },
      "OTHER_PERSON":{
        "p":0.6026490066,
        "r":0.6691176471,
        "f":0.6341463415
      },
      "DATE":{
        "p":0.9024390244,
        "r":0.8486238532,
        "f":0.8747044917
      },
      "PROVISION":{
        "p":0.9090909091,
        "r":0.8949416342,
        "f":0.9019607843
      },
      "CASE_NUMBER":{
        "p":0.3586956522,
        "r":0.5454545455,
        "f":0.4327868852
      },
      "COURT":{
        "p":0.9233716475,
        "r":0.8169491525,
        "f":0.8669064748
      },
      "PETITIONER":{
        "p":0.6105263158,
        "r":0.5497630332,
        "f":0.578553616
      },
      "ORG":{
        "p":0.4444444444,
        "r":0.3566878981,
        "f":0.3957597173
      },
      "LAWYER":{
        "p":0.9,
        "r":0.8181818182,
        "f":0.8571428571
      },
      "WITNESS":{
        "p":0.8048780488,
        "r":0.5689655172,
        "f":0.6666666667
      },
      "RESPONDENT":{
        "p":0.5555555556,
        "r":0.6996587031,
        "f":0.6193353474
      }
    },
    "tok2vec_loss":6876.177235824,
    "ner_loss":4305.6095527339
  }
}