{
  "lang":"en",
  "name":"pipeline",
  "version":"0.0.0",
  "spacy_version":">=3.7.5,<3.8.0",
  "description":"",
  "author":"",
  "email":"",
  "url":"",
  "license":"",
  "spacy_git_version":"a6d0fc360",
  "vectors":{
    "width":0,
    "vectors":0,
    "keys":0,
    "name":null,
    "mode":"default"
  },
  "labels":{
    "tok2vec":[

    ],
    "ner":[
      "CASE_NUMBER",
      "COURT",
      "DATE",
      "GPE",
      "JUDGE",
      "LAWYER",
      "ORG",
      "OTHER_PERSON",
      "PETITIONER",
      "PRECEDENT",
      "PROVISION",
      "RESPONDENT",
      "STATUTE",
      "WITNESS"
    ]
  },
  "pipeline":[
    "tok2vec",
    "ner"
  ],
  "components":[
    "tok2vec",
    "ner"
  ],
  "disabled":[

  ],
  "performance":{
    "ents_f":0.7334503111,
    "ents_p":0.7530298067,
    "ents_r":0.7148631841,
    "ents_per_type":{
      "STATUTE":{
        "p":0.8894736842,
        "r":0.7612612613,
        "f":0.8203883495
      },
      "PRECEDENT":{
        "p":0.6201550388,
        "r":0.4597701149,
        "f":0.5280528053
      },
      "JUDGE":{
        "p":0.8580246914,
        "r":0.7988505747,
        "f":0.8273809524
      },
      "GPE":{
        "p":0.6913580247,
        "r":0.3093922652,
        "f":0.427480916
      },
      "OTHER_PERSON":{
        "p":0.6763485477,
        "r":0.5992647059,
        "f":0.6354775828
      },
      "DATE":{
        "p":0.8313253012,
        "r":0.9495412844,
        "f":0.886509636
      },
      "PROVISION":{
        "p":0.9133858268,
        "r":0.9027237354,
        "f":0.9080234834
      },
      "CASE_NUMBER":{
        "p":0.3971631206,
        "r":0.4628099174,
        "f":0.427480916
      },
      "COURT":{
        "p":0.8928571429,
        "r":0.8474576271,
        "f":0.8695652174
      },
      "LAWYER":{
        "p":0.8664383562,
        "r":0.8679245283,
        "f":0.8671808055
      },
      "ORG":{
        "p":0.4371584699,
        "r":0.5095541401,
        "f":0.4705882353
      },
      "RESPONDENT":{
        "p":0.5983379501,
        "r":0.7372013652,
        "f":0.6605504587
      },
      "PETITIONER":{
        "p":0.7315436242,
        "r":0.5165876777,
        "f":0.6055555556
      },
      "WITNESS":{
        "p":0.7346938776,
        "r":0.6206896552,
        "f":0.6728971963
      }
    },
    "tok2vec_loss":5887.338515116,
    "ner_loss":5446.3118977476
  }
}